[
  {
    "type": "news",
    "title": "News Title 1",
    "image": "https://dummyimage.com/300x200/aaa/fff",
    "link": "#"
  },
  {
    "type": "news",
    "title": "News Title 2",
    "image": "https://dummyimage.com/300x200/bbb/fff",
    "link": "#"
  },
  {
    "type": "news",
    "title": "News Title 3",
    "image": "https://dummyimage.com/300x200/ccc/fff",
    "link": "#"
  },
  {
    "type": "news",
    "title": "News Title 4",
    "image": "https://dummyimage.com/300x200/ddd/fff",
    "link": "#"
  },
  {
    "type": "tips",
    "title": "Tips Title 1",
    "image": "https://dummyimage.com/300x200/aaa/fff",
    "link": "#"
  },
  {
    "type": "tips",
    "title": "Tips Title 2",
    "image": "https://dummyimage.com/300x200/bbb/fff",
    "link": "#"
  },
  {
    "type": "tips",
    "title": "Tips Title 3",
    "image": "https://dummyimage.com/300x200/ccc/fff",
    "link": "#"
  },
  {
    "type": "tips",
    "title": "Tips Title 4",
    "image": "https://dummyimage.com/300x200/ddd/fff",
    "link": "#"
  },
  {
    "type": "informasi",
    "title": "Informasi Title 1",
    "image": "https://dummyimage.com/300x200/aaa/fff",
    "link": "#"
  },
  {
    "type": "informasi",
    "title": "Informasi Title 2",
    "image": "https://dummyimage.com/300x200/bbb/fff",
    "link": "#"
  },
  {
    "type": "informasi",
    "title": "Informasi Title 3",
    "image": "https://dummyimage.com/300x200/ccc/fff",
    "link": "#"
  },
  {
    "type": "informasi",
    "title": "Informasi Title 4",
    "image": "https://dummyimage.com/300x200/ddd/000",
    "link": "#"
  }
]
